{
    "train_proto_loss": [
        1.5235131184260051
    ],
    "train_triplet_loss": [
        0.450589194893837
    ],
    "train_acc": [
        0.40666665881872177
    ],
    "val_loss": [
        1.550828456878662
    ],
    "val_acc": [
        0.46399998664855957
    ],
    "val_mAP": [
        0.04384770616889
    ],
    "val_rank1": [
        0.06539509445428848
    ],
    "val_rank5": [
        0.20435966551303864
    ]
}