{
    "train_proto_loss": [
        1.5492797493934631
    ],
    "train_triplet_loss": [
        0.3728211869796117
    ],
    "train_acc": [
        0.4533333232005437
    ],
    "val_loss": [
        1.5787302255630493
    ],
    "val_acc": [
        0.4440000057220459
    ],
    "val_mAP": [
        0.04280710220336914
    ],
    "val_rank1": [
        0.07629427313804626
    ],
    "val_rank5": [
        0.19073569774627686
    ]
}