{
    "train_proto_loss": [
        2.144735368092855,
        2.08916125535965,
        2.009766973654429,
        1.9519103924433392,
        1.8593770058949788,
        1.8202555624643961,
        1.7799214649200439,
        1.7381632939974467,
        1.655733192761739,
        1.6407675544420879,
        1.6362201944986978,
        1.5991805760065716,
        1.5882990074157715,
        1.587890463670095,
        1.5875982030232747,
        1.650827748775482,
        1.6504260452588397,
        1.6809863193829855,
        1.6908492461840312,
        1.6754860703150432
    ],
    "train_triplet_loss": [
        0.48881830573081975,
        0.4747623389959335,
        0.5062807444731394,
        0.5421106370290121,
        0.5790183995167414,
        0.5977350948254267,
        0.6025247232119243,
        0.5984766123692195,
        0.5915659389893214,
        0.6083646287520726,
        0.6020796718200048,
        0.584312982360522,
        0.5928873691956202,
        0.6016562382380167,
        0.6043477865060171,
        0.6097556881109872,
        0.6200948339700699,
        0.6275463732083638,
        0.620838854710261,
        0.6194598946968716
    ],
    "train_acc": [
        0.2340000057220459,
        0.2753777845203877,
        0.31280000681678455,
        0.3371111184855302,
        0.37893334170182547,
        0.39977778772513073,
        0.42253334303696954,
        0.4449777897198995,
        0.4827555673321089,
        0.481111123363177,
        0.4900000117222468,
        0.5140889018774032,
        0.5115555685758592,
        0.5133333442608515,
        0.5103555681308111,
        0.48137778937816617,
        0.47697778880596164,
        0.4567555663983027,
        0.4488444543878238,
        0.4702666776378949
    ],
    "val_loss": [
        2.1730751991271973,
        2.0655646324157715,
        1.9666143655776978,
        1.9065742492675781,
        1.8996695280075073,
        1.8453902006149292,
        1.7962298393249512,
        1.791048526763916,
        1.7597063779830933,
        1.768722653388977,
        1.7673066854476929,
        1.752109408378601,
        1.748746633529663,
        1.7613965272903442,
        1.7639166116714478,
        1.7781819105148315,
        1.7730494737625122,
        1.764633297920227,
        1.7846444845199585,
        1.7587769031524658
    ],
    "val_acc": [
        0.2695000171661377,
        0.282233327627182,
        0.32243332266807556,
        0.3425333499908447,
        0.3461333215236664,
        0.3678666651248932,
        0.381933331489563,
        0.3831333518028259,
        0.39783331751823425,
        0.3970000147819519,
        0.39713332056999207,
        0.4027666747570038,
        0.40230000019073486,
        0.40396666526794434,
        0.39213332533836365,
        0.3868666887283325,
        0.3916000425815582,
        0.39633333683013916,
        0.38173335790634155,
        0.40139999985694885
    ],
    "val_mAP": [
        0.03945242613554001,
        0.04371469467878342,
        0.051133763045072556,
        0.05785912275314331,
        0.06122773140668869,
        0.06755201518535614,
        0.07084763795137405,
        0.07053887099027634,
        0.07917153090238571,
        0.07515896111726761,
        0.07557591050863266,
        0.07696448266506195,
        0.0767897516489029,
        0.07775110751390457,
        0.07587742060422897,
        0.07661798596382141,
        0.07684141397476196,
        0.07293829321861267,
        0.07094699889421463,
        0.07885918766260147
    ],
    "val_rank1": [
        0.07626208662986755,
        0.06981740146875381,
        0.08915144950151443,
        0.0923737958073616,
        0.0966702476143837,
        0.10204081982374191,
        0.10955961793661118,
        0.11385606974363327,
        0.13426423072814941,
        0.11600430309772491,
        0.12244898080825806,
        0.12244898080825806,
        0.12674543261528015,
        0.1245972067117691,
        0.12781955301761627,
        0.13426423072814941,
        0.13426423072814941,
        0.1149301826953888,
        0.12781955301761627,
        0.1331901252269745
    ],
    "val_rank5": [
        0.24812030792236328,
        0.23845328390598297,
        0.26852846145629883,
        0.27926960587501526,
        0.3179377019405365,
        0.3222341537475586,
        0.3265306353569031,
        0.3233082890510559,
        0.33082708716392517,
        0.3512352406978607,
        0.3415682017803192,
        0.37164339423179626,
        0.37593984603881836,
        0.3555316925048828,
        0.3684210479259491,
        0.37593984603881836,
        0.38131043314933777,
        0.34371644258499146,
        0.3598281443119049,
        0.3737916350364685
    ]
}