{
    "val_rank1": [
        0.20533333333333334,
        0.224,
        0.2613333333333333,
        0.312,
        0.36533333333333334,
        0.416,
        0.45866666666666667,
        0.512,
        0.5653333333333334,
        0.6,
        0.6186666666666667,
        0.6346666666666667,
        0.6506666666666666,
        0.6586666666666666,
        0.664,
        0.6693333333333333,
        0.6906666666666667,
        0.696,
        0.7066666666666667,
        0.7093333333333334,
        0.7226666666666667,
        0.7093333333333334,
        0.7173333333333334,
        0.7146666666666667,
        0.7173333333333334,
        0.7306666666666667,
        0.7146666666666667,
        0.7173333333333334,
        0.7173333333333334,
        0.7226666666666667
    ],
    "val_rank5": [
        0.312,
        0.336,
        0.36533333333333334,
        0.45866666666666667,
        0.5173333333333333,
        0.5786666666666667,
        0.6266666666666667,
        0.6533333333333333,
        0.688,
        0.7146666666666667,
        0.7173333333333334,
        0.7413333333333333,
        0.7493333333333333,
        0.7546666666666667,
        0.7573333333333333,
        0.768,
        0.76,
        0.776,
        0.776,
        0.768,
        0.792,
        0.792,
        0.7893333333333333,
        0.7946666666666666,
        0.7866666666666666,
        0.7946666666666666,
        0.7893333333333333,
        0.7946666666666666,
        0.7893333333333333,
        0.8
    ],
    "val_mAP": [
        0.07332680041412651,
        0.08047980172486062,
        0.09738146137331403,
        0.1280769418637694,
        0.17242501113920297,
        0.22287037862775105,
        0.2654152571273017,
        0.3105857407554179,
        0.34944148265472125,
        0.3818888985201607,
        0.4048934982104282,
        0.426146621993826,
        0.4424252591568833,
        0.4524629178406357,
        0.46576641424239695,
        0.47577192843448574,
        0.48522997313380395,
        0.49151383463435105,
        0.49454505556979705,
        0.4953365380256628,
        0.5103164037428763,
        0.508587455356557,
        0.5175544978137522,
        0.5150582810428822,
        0.5191586602946489,
        0.5236866015996807,
        0.5208167766177151,
        0.5236054768667912,
        0.5258368691485152,
        0.5305426615439878
    ]
}