{
    "val_rank1": [
        0.20533333333333334,
        0.224,
        0.2613333333333333,
        0.312,
        0.36533333333333334,
        0.416,
        0.45866666666666667,
        0.5093333333333333,
        0.5653333333333334,
        0.5946666666666667,
        0.6213333333333333,
        0.6373333333333333,
        0.6506666666666666,
        0.656,
        0.6666666666666666,
        0.6746666666666666,
        0.688,
        0.6826666666666666,
        0.7066666666666667,
        0.696,
        0.7226666666666667,
        0.7066666666666667,
        0.712,
        0.72,
        0.72,
        0.7253333333333334,
        0.712,
        0.7173333333333334,
        0.7173333333333334,
        0.72
    ],
    "val_rank5": [
        0.312,
        0.336,
        0.368,
        0.45866666666666667,
        0.5173333333333333,
        0.5786666666666667,
        0.6293333333333333,
        0.6506666666666666,
        0.688,
        0.7173333333333334,
        0.7173333333333334,
        0.744,
        0.7493333333333333,
        0.752,
        0.76,
        0.7706666666666667,
        0.7653333333333333,
        0.776,
        0.7733333333333333,
        0.768,
        0.7866666666666666,
        0.7866666666666666,
        0.784,
        0.7893333333333333,
        0.792,
        0.8,
        0.792,
        0.7946666666666666,
        0.7946666666666666,
        0.8
    ],
    "val_mAP": [
        0.07321871774105679,
        0.08050640160947355,
        0.09744819234639575,
        0.12805018382940117,
        0.172508542864138,
        0.2229064904409274,
        0.26563886210211335,
        0.310102268682856,
        0.34957234749318966,
        0.3817344818529003,
        0.4052751620274158,
        0.42689869253130264,
        0.4427497778923573,
        0.45273065518560596,
        0.46453067105251505,
        0.47587800169162875,
        0.48354365144446637,
        0.48906636636576084,
        0.49364822231003735,
        0.49475464716375167,
        0.511506119752377,
        0.5104113643850278,
        0.5162097224286815,
        0.517501208810828,
        0.5189349616484886,
        0.523359983553787,
        0.5221902472211434,
        0.5236433500672316,
        0.5270345547575487,
        0.5305531804174392
    ]
}