{
    "val_rank1": [
        0.20533333333333334,
        0.224,
        0.2613333333333333,
        0.312,
        0.36533333333333334,
        0.4186666666666667,
        0.45866666666666667,
        0.5093333333333333,
        0.5653333333333334,
        0.6,
        0.6186666666666667,
        0.6346666666666667,
        0.6506666666666666,
        0.6586666666666666,
        0.6746666666666666,
        0.6773333333333333,
        0.696,
        0.6933333333333334,
        0.7066666666666667,
        0.7013333333333334,
        0.728,
        0.704,
        0.7173333333333334,
        0.7226666666666667,
        0.72
    ],
    "val_rank5": [
        0.312,
        0.336,
        0.368,
        0.45866666666666667,
        0.5173333333333333,
        0.5786666666666667,
        0.6266666666666667,
        0.6506666666666666,
        0.688,
        0.7173333333333334,
        0.7173333333333334,
        0.744,
        0.7493333333333333,
        0.7546666666666667,
        0.76,
        0.768,
        0.7626666666666667,
        0.7786666666666666,
        0.776,
        0.776,
        0.792,
        0.792,
        0.7893333333333333,
        0.792,
        0.7893333333333333
    ],
    "val_mAP": [
        0.07332680041412651,
        0.0804669688288968,
        0.09742667074866919,
        0.12801826131868824,
        0.1725314555551694,
        0.22308202518298514,
        0.2655577412532709,
        0.3099267706873882,
        0.34950257762603587,
        0.38189460701360006,
        0.40486309062946163,
        0.42625283430131095,
        0.44242553371109655,
        0.45235162122228745,
        0.4654627070842247,
        0.4757835144989741,
        0.4846730078090743,
        0.49078246368516437,
        0.49429657155280005,
        0.4948519754785212,
        0.5101736784505545,
        0.5081219710576335,
        0.5159925257957431,
        0.5151038399574944,
        0.5194095368852423
    ]
}