{
    "val_rank1": [
        0.20533333333333334,
        0.25866666666666666,
        0.3413333333333333,
        0.47733333333333333,
        0.5546666666666666,
        0.6106666666666667,
        0.64,
        0.6826666666666666,
        0.6986666666666667,
        0.7146666666666667,
        0.72,
        0.728,
        0.7333333333333333,
        0.7413333333333333,
        0.744,
        0.7413333333333333,
        0.7493333333333333,
        0.752,
        0.7573333333333333,
        0.7546666666666667,
        0.768,
        0.7573333333333333,
        0.76,
        0.7706666666666667,
        0.768,
        0.768,
        0.7573333333333333,
        0.7653333333333333,
        0.768
    ],
    "val_rank5": [
        0.32266666666666666,
        0.37866666666666665,
        0.496,
        0.5973333333333334,
        0.6853333333333333,
        0.7253333333333334,
        0.736,
        0.768,
        0.7786666666666666,
        0.784,
        0.8053333333333333,
        0.7973333333333333,
        0.8,
        0.8106666666666666,
        0.8026666666666666,
        0.8213333333333334,
        0.8266666666666667,
        0.832,
        0.8346666666666667,
        0.824,
        0.8346666666666667,
        0.8266666666666667,
        0.8293333333333334,
        0.8293333333333334,
        0.8346666666666667,
        0.8346666666666667,
        0.8293333333333334,
        0.8346666666666667,
        0.84
    ],
    "val_mAP": [
        0.07615304171138379,
        0.0924216524019172,
        0.15236799575526333,
        0.2615557892692688,
        0.3541896022433382,
        0.41804104720260193,
        0.45829440037579783,
        0.4964743315305856,
        0.5207708922985099,
        0.5383369986838706,
        0.5491526921147333,
        0.5598767917273775,
        0.5756591497432647,
        0.5759359474901522,
        0.5789045539670311,
        0.5833194636357474,
        0.5970186584707929,
        0.598824430593139,
        0.5997452460687883,
        0.6002848896748127,
        0.6066081028507984,
        0.607658361700226,
        0.6081942108983793,
        0.6137604353225332,
        0.6132128447815901,
        0.6136877117083223,
        0.6165996191035271,
        0.6162251103346948,
        0.6194118455623691
    ]
}