{
    "val_rank1": [
        0.208,
        0.25866666666666666,
        0.416,
        0.5733333333333334,
        0.6453333333333333,
        0.6986666666666667,
        0.7226666666666667,
        0.7386666666666667,
        0.7386666666666667,
        0.7493333333333333,
        0.7733333333333333,
        0.776,
        0.7786666666666666,
        0.7706666666666667,
        0.7813333333333333,
        0.776,
        0.784,
        0.7893333333333333,
        0.7786666666666666,
        0.7866666666666666,
        0.8,
        0.792,
        0.7973333333333333,
        0.792,
        0.7866666666666666,
        0.7893333333333333
    ],
    "val_rank5": [
        0.3333333333333333,
        0.39466666666666667,
        0.5653333333333334,
        0.6826666666666666,
        0.752,
        0.7866666666666666,
        0.7866666666666666,
        0.8053333333333333,
        0.8266666666666667,
        0.8213333333333334,
        0.8266666666666667,
        0.8266666666666667,
        0.8373333333333334,
        0.8293333333333334,
        0.8346666666666667,
        0.8373333333333334,
        0.8346666666666667,
        0.848,
        0.8373333333333334,
        0.8346666666666667,
        0.8426666666666667,
        0.8426666666666667,
        0.8426666666666667,
        0.84,
        0.8346666666666667,
        0.8453333333333334
    ],
    "val_mAP": [
        0.07564939307362754,
        0.10369512414934058,
        0.21790441475223615,
        0.39339466269258744,
        0.48785912688608346,
        0.5586395825361494,
        0.5861233985317811,
        0.6045135431478271,
        0.6262547452400039,
        0.6324909198735172,
        0.6438822447068662,
        0.6507944292258201,
        0.6578068529795317,
        0.6579874636732677,
        0.6630043142393082,
        0.6689172872326195,
        0.6723677290931833,
        0.671257628650226,
        0.6716854196282485,
        0.6699360689049072,
        0.6753876013772917,
        0.6766831964777612,
        0.6762550416349451,
        0.678300206285308,
        0.6724510012936336,
        0.676691579324441
    ]
}