{
    "val_rank1": [
        0.20533333333333334,
        0.224,
        0.2613333333333333,
        0.312,
        0.36533333333333334,
        0.4186666666666667,
        0.45866666666666667,
        0.512,
        0.5653333333333334,
        0.5946666666666667,
        0.6213333333333333,
        0.6373333333333333,
        0.6506666666666666,
        0.656,
        0.6693333333333333,
        0.672,
        0.688,
        0.6986666666666667,
        0.704,
        0.7013333333333334,
        0.728,
        0.712,
        0.712,
        0.7173333333333334,
        0.7226666666666667
    ],
    "val_rank5": [
        0.312,
        0.336,
        0.368,
        0.45866666666666667,
        0.5173333333333333,
        0.5786666666666667,
        0.6266666666666667,
        0.6533333333333333,
        0.6853333333333333,
        0.7173333333333334,
        0.7173333333333334,
        0.7466666666666667,
        0.7493333333333333,
        0.752,
        0.76,
        0.7653333333333333,
        0.7626666666666667,
        0.7786666666666666,
        0.7706666666666667,
        0.7706666666666667,
        0.792,
        0.792,
        0.7866666666666666,
        0.7946666666666666,
        0.7893333333333333
    ],
    "val_mAP": [
        0.07332680041412651,
        0.08043621512721964,
        0.09741413751268276,
        0.12806732971487345,
        0.17241029373659755,
        0.22322683084222145,
        0.2654872623069558,
        0.3105755706663447,
        0.3494123391017603,
        0.38168712050571646,
        0.40505093174121637,
        0.4265285865309841,
        0.44211426112525554,
        0.45238364966100686,
        0.46466596340368005,
        0.47516189886021787,
        0.4855160837245088,
        0.4938911357567047,
        0.4946880799041485,
        0.4952450881428604,
        0.511362729786589,
        0.5101111641539392,
        0.5171284647639892,
        0.5160419237481173,
        0.5201080232012323
    ]
}