{
    "train_proto_loss": [
        1.7837572185198465,
        1.4540876340866091,
        1.2992373832066855,
        1.1911079788208008,
        1.090980187257131,
        1.0395647056897481,
        0.9846078423659007,
        0.947450833717982,
        0.9363575120766958,
        0.91199614127477,
        0.9111835555235545,
        0.906885819832484,
        0.8953044203917185,
        0.9063281424840292,
        0.914556501309077,
        0.9265954538186391,
        0.9393142529328663,
        0.9496580131848654,
        0.9635162432988486,
        0.96524582862854
    ],
    "train_triplet_loss": [
        0.5751153254508972,
        0.5444011934598286,
        0.48968980868657436,
        0.43502092897892,
        0.3719545195500056,
        0.336167318224907,
        0.2967368452747663,
        0.26838429500659305,
        0.24389918578167755,
        0.22098966469367345,
        0.2098851082225641,
        0.2089806239306927,
        0.21301100825270017,
        0.2253556041667859,
        0.24166557605067887,
        0.25828298504153885,
        0.26587942183017726,
        0.2882618973652522,
        0.29381648937861127,
        0.3074346959590912
    ],
    "train_acc": [
        0.40506667574246724,
        0.597377788623174,
        0.7066666819651921,
        0.795466685295105,
        0.8748444668451945,
        0.917422243754069,
        0.949955575466156,
        0.9694222414493562,
        0.9755111253261566,
        0.9852444537480672,
        0.9884444534778595,
        0.989200008312861,
        0.991200007200241,
        0.9896444527308147,
        0.9856444557507832,
        0.9822666788101196,
        0.9760889049371083,
        0.9730666859944662,
        0.9660889073212942,
        0.9668444641431173
    ],
    "val_loss": [
        1.9087364673614502,
        1.7614660263061523,
        1.678550124168396,
        1.6903173923492432,
        1.6455612182617188,
        1.5650739669799805,
        1.5554379224777222,
        1.5444942712783813,
        1.5013365745544434,
        1.5065356492996216,
        1.4964654445648193,
        1.513268232345581,
        1.486050009727478,
        1.4798879623413086,
        1.5061546564102173,
        1.524970293045044,
        1.504588007926941,
        1.5374932289123535,
        1.5307896137237549,
        1.5568865537643433
    ],
    "val_acc": [
        0.37950003147125244,
        0.44999998807907104,
        0.5057000517845154,
        0.4943999946117401,
        0.5541333556175232,
        0.5919000506401062,
        0.6042333841323853,
        0.6075333952903748,
        0.6261666417121887,
        0.636033296585083,
        0.6431334018707275,
        0.6444333791732788,
        0.6441666483879089,
        0.6506667137145996,
        0.6254667043685913,
        0.6348000168800354,
        0.6326000094413757,
        0.6332666873931885,
        0.621066689491272,
        0.6149333715438843
    ],
    "val_mAP": [
        0.12024567276239395,
        0.15331368148326874,
        0.19115670025348663,
        0.19096264243125916,
        0.22507597506046295,
        0.2413971722126007,
        0.25575244426727295,
        0.248561829328537,
        0.25773513317108154,
        0.2669377624988556,
        0.2628832459449768,
        0.29390719532966614,
        0.2882985472679138,
        0.2793687880039215,
        0.2734028398990631,
        0.2703462243080139,
        0.26884981989860535,
        0.25590425729751587,
        0.26715752482414246,
        0.2504205107688904
    ],
    "val_rank1": [
        0.21813030540943146,
        0.25495749711990356,
        0.3286118805408478,
        0.322946161031723,
        0.3626062273979187,
        0.32011330127716064,
        0.3739376664161682,
        0.35694050788879395,
        0.3909348249435425,
        0.37960338592529297,
        0.4022662937641144,
        0.4589235186576843,
        0.4589235186576843,
        0.44475919008255005,
        0.4022662937641144,
        0.4107648730278015,
        0.422096312046051,
        0.3852691054344177,
        0.4107648730278015,
        0.3881019651889801
    ],
    "val_rank5": [
        0.4872521162033081,
        0.4985835552215576,
        0.5609065294265747,
        0.580736517906189,
        0.623229444026947,
        0.645892322063446,
        0.6317280530929565,
        0.6147308945655823,
        0.6317280530929565,
        0.6515580415725708,
        0.645892322063446,
        0.6940509676933289,
        0.6713880896568298,
        0.6827195286750793,
        0.6912181377410889,
        0.6402266025543213,
        0.6657223701477051,
        0.6373937726020813,
        0.6487252116203308,
        0.6345608830451965
    ]
}