{
    "train_proto_loss": [
        1.503254899183909,
        1.2223444346586863,
        1.0927979397773742,
        1.0184114960829416,
        0.9647437496980031,
        0.927980835835139,
        0.9064611816406251,
        0.8862424461046855,
        0.8726718684037525,
        0.867602489789327,
        0.8626294012864432,
        0.8578105107943217,
        0.8593421574433645,
        0.8619832563400269,
        0.8713372234503428,
        0.8841465735435486,
        0.896941883166631,
        0.9019396042823792,
        0.9058792591094971,
        0.9083420387903849
    ],
    "train_triplet_loss": [
        0.5442026495933533,
        0.44096321185429893,
        0.38328694343566894,
        0.34092682510614397,
        0.3003296433885892,
        0.2759893760085106,
        0.2491271769007047,
        0.22118951201438905,
        0.2059411027530829,
        0.19022118650376796,
        0.17998877248416345,
        0.164162080163757,
        0.1684931869059801,
        0.18829718572398027,
        0.1949186310668786,
        0.23366970986127855,
        0.24747155780593552,
        0.26645672544837,
        0.26049663484096525,
        0.2815571163098018
    ],
    "train_acc": [
        0.5993333476781845,
        0.8117333515485128,
        0.9031111323833466,
        0.9517333543300629,
        0.9768444609642027,
        0.9867555665969849,
        0.9925777844587961,
        0.995555559794108,
        0.9964888922373455,
        0.9977333354949951,
        0.9980888907114664,
        0.9982666683197022,
        0.9987555567423502,
        0.9982666683197022,
        0.9979111131032307,
        0.9962222258249919,
        0.9949333381652833,
        0.9933777840932211,
        0.9930222288767497,
        0.9919111188252767
    ],
    "val_loss": [
        1.9496859312057495,
        1.759891152381897,
        1.739089012145996,
        1.7682992219924927,
        1.6871440410614014,
        1.7054938077926636,
        1.7036614418029785,
        1.7287286520004272,
        1.7067382335662842,
        1.6970096826553345,
        1.697070598602295,
        1.7070666551589966,
        1.7050034999847412,
        1.702774167060852,
        1.703176736831665,
        1.6957638263702393,
        1.744460105895996,
        1.7522826194763184,
        1.7146480083465576,
        1.6856836080551147
    ],
    "val_acc": [
        0.4246333837509155,
        0.4538000226020813,
        0.47593334317207336,
        0.48036670684814453,
        0.4811666011810303,
        0.4941333830356598,
        0.5091666579246521,
        0.5013332962989807,
        0.5147333145141602,
        0.5314333438873291,
        0.5390666723251343,
        0.5375666618347168,
        0.5433333516120911,
        0.5203666687011719,
        0.519266664981842,
        0.5354000329971313,
        0.493233323097229,
        0.511233389377594,
        0.5028666853904724,
        0.542533278465271
    ],
    "val_mAP": [
        0.11578161269426346,
        0.10499651730060577,
        0.12549857795238495,
        0.1316138207912445,
        0.13617147505283356,
        0.1323694884777069,
        0.14160652458667755,
        0.14579130709171295,
        0.14765627682209015,
        0.15750837326049805,
        0.14892861247062683,
        0.15426847338676453,
        0.14381283521652222,
        0.14036735892295837,
        0.14885784685611725,
        0.1509023755788803,
        0.14789237082004547,
        0.15128643810749054,
        0.13366855680942535,
        0.15157338976860046
    ],
    "val_rank1": [
        0.2207084447145462,
        0.13896457850933075,
        0.21525885164737701,
        0.2207084447145462,
        0.23160763084888458,
        0.19073569774627686,
        0.2207084447145462,
        0.21525885164737701,
        0.20708446204662323,
        0.24795639514923096,
        0.2261580377817154,
        0.25340598821640015,
        0.2179836481809616,
        0.20708446204662323,
        0.23978200554847717,
        0.23705722391605377,
        0.23978200554847717,
        0.24795639514923096,
        0.21525885164737701,
        0.23705722391605377
    ],
    "val_rank5": [
        0.4495912790298462,
        0.3787465989589691,
        0.4332424998283386,
        0.46049046516418457,
        0.4577656686306,
        0.46321526169776917,
        0.46321526169776917,
        0.46866485476493835,
        0.4577656686306,
        0.48228880763053894,
        0.48501360416412354,
        0.4332424998283386,
        0.4577656686306,
        0.4523160755634308,
        0.46321526169776917,
        0.48228880763053894,
        0.46049046516418457,
        0.47411444783210754,
        0.4959127902984619,
        0.4904631972312927
    ]
}